WL,frame230.pdb,frame231.pdb,frame232.pdb,frame233.pdb,frame234.pdb,frame235.pdb,frame236.pdb,frame237.pdb,frame238.pdb,frame239.pdb,frame240.pdb,frame241.pdb,frame242.pdb,frame243.pdb,frame244.pdb,frame245.pdb,frame246.pdb,frame247.pdb,frame248.pdb,frame249.pdb
260,-0.011923015839124624,-0.011923015839124624,-0.011923015839124624,-0.011923015839124624,0.013412169656051545,0.013412169656051545,0.013412169656051545,0.013412169656051545,0.013412169656051545,0.013412169656051545,0.014028183743910252,0.013412169656051545,0.013412169656051545,0.013412169656051545,0.013412169656051545,0.013412169656051545,0.013412169656051545,0.013412169656051545,-0.0034780019899848923,0.013412169656051545
259,0.005103644884289186,0.005103644884289186,0.005103644884289186,0.005103644884289186,0.08820139636068765,0.08820139636068765,0.08820139636068765,0.08820139636068765,0.08820139636068765,0.08820139636068765,0.08774785114355971,0.08820139636068765,0.08820139636068765,0.08820139636068765,0.08820139636068765,0.08820139636068765,0.08820139636068765,0.08820139636068765,0.0328029236667243,0.08820139636068765
258,0.0030860166389970363,0.0030860166389970363,0.0030860166389970363,0.0030860166389970363,0.11595969795960859,0.11595969795960859,0.11595969795960859,0.11595969795960859,0.11595969795960859,0.11595969795960859,0.11469593172839405,0.11595969795960859,0.11595969795960859,0.11595969795960859,0.11595969795960859,0.11595969795960859,0.11595969795960859,0.11595969795960859,0.04071063211768709,0.11595969795960859
257,-0.014446765009720735,-0.014446765009720735,-0.014446765009720735,-0.014446765009720735,0.10293944530749241,0.10293944530749241,0.10293944530749241,0.10293944530749241,0.10293944530749241,0.10293944530749241,0.10144287731584581,0.10293944530749241,0.10293944530749241,0.10293944530749241,0.10293944530749241,0.10293944530749241,0.10293944530749241,0.10293944530749241,0.024682111343335315,0.10293944530749241
256,-0.028933054158292094,-0.028933054158292094,-0.028933054158292094,-0.028933054158292094,0.0926079684877224,0.0926079684877224,0.0926079684877224,0.0926079684877224,0.0926079684877224,0.0926079684877224,0.09285321160578443,0.0926079684877224,0.0926079684877224,0.0926079684877224,0.0926079684877224,0.0926079684877224,0.0926079684877224,0.0926079684877224,0.011580851731476976,0.0926079684877224
255,-0.030810048422869173,-0.030810048422869173,-0.030810048422869173,-0.030810048422869173,0.03859040385985877,0.03859040385985877,0.03859040385985877,0.03859040385985877,0.03859040385985877,0.03859040385985877,0.039566185257891864,0.03859040385985877,0.03859040385985877,0.03859040385985877,0.03859040385985877,0.03859040385985877,0.03859040385985877,0.03859040385985877,-0.007676382109931941,0.03859040385985877
254,-0.025855027318583558,-0.025855027318583558,-0.025855027318583558,-0.025855027318583558,0.03558256682815904,0.03558256682815904,0.03558256682815904,0.03558256682815904,0.03558256682815904,0.03558256682815904,0.03724731513082509,0.03558256682815904,0.03558256682815904,0.03558256682815904,0.03558256682815904,0.03558256682815904,0.03558256682815904,0.03558256682815904,-0.005375653382521937,0.03558256682815904
253,-0.01863050863220566,-0.01863050863220566,-0.01863050863220566,-0.01863050863220566,0.01809211498089996,0.01809211498089996,0.01809211498089996,0.01809211498089996,0.01809211498089996,0.01809211498089996,0.01997094162374845,0.01809211498089996,0.01809211498089996,0.01809211498089996,0.01809211498089996,0.01809211498089996,0.01809211498089996,0.01809211498089996,-0.006389412391600937,0.01809211498089996
252,-0.014634923891120876,-0.014634923891120876,-0.014634923891120876,-0.014634923891120876,-0.014470548206446148,-0.014470548206446148,-0.014470548206446148,-0.014470548206446148,-0.014470548206446148,-0.014470548206446148,-0.012564392245751444,-0.014470548206446148,-0.014470548206446148,-0.014470548206446148,-0.014470548206446148,-0.014470548206446148,-0.014470548206446148,-0.014470548206446148,-0.014579913186543045,-0.014470548206446148
251,-0.009688679608550462,-0.009688679608550462,-0.009688679608550462,-0.009688679608550462,-0.0038724802348298927,-0.0038724802348298927,-0.0038724802348298927,-0.0038724802348298927,-0.0038724802348298927,-0.0038724802348298927,-0.002482040223648157,-0.0038724802348298927,-0.0038724802348298927,-0.0038724802348298927,-0.0038724802348298927,-0.0038724802348298927,-0.0038724802348298927,-0.0038724802348298927,-0.007749665768214918,-0.0038724802348298927
250,-0.01822866038442366,-0.01822866038442366,-0.01822866038442366,-0.01822866038442366,0.014784217733968229,0.014784217733968229,0.014784217733968229,0.014784217733968229,0.014784217733968229,0.014784217733968229,0.017957590437453423,0.014784217733968229,0.014784217733968229,0.014784217733968229,0.014784217733968229,0.014784217733968229,0.014784217733968229,0.014784217733968229,-0.007224016015282223,0.014784217733968229
249,-0.028029871632224944,-0.028029871632224944,-0.028029871632224944,-0.028029871632224944,0.011179738016604789,0.011179738016604789,0.011179738016604789,0.011179738016604789,0.011179738016604789,0.011179738016604789,0.01529011889469409,0.011179738016604789,0.011179738016604789,0.011179738016604789,0.011179738016604789,0.011179738016604789,0.011179738016604789,0.011179738016604789,-0.014959569161954839,0.011179738016604789
248,-0.05169927077482204,-0.05169927077482204,-0.05169927077482204,-0.05169927077482204,-0.006850958629348987,-0.006850958629348987,-0.006850958629348987,-0.006850958629348987,-0.006850958629348987,-0.006850958629348987,0.0001703456692716647,-0.006850958629348987,-0.006850958629348987,-0.006850958629348987,-0.006850958629348987,-0.006850958629348987,-0.006850958629348987,-0.006850958629348987,-0.03674932833799879,-0.006850958629348987
247,-0.06408756513202754,-0.06408756513202754,-0.06408756513202754,-0.06408756513202754,-0.033014864806180974,-0.033014864806180974,-0.033014864806180974,-0.033014864806180974,-0.033014864806180974,-0.033014864806180974,-0.02430986742789053,-0.033014864806180974,-0.033014864806180974,-0.033014864806180974,-0.033014864806180974,-0.033014864806180974,-0.033014864806180974,-0.033014864806180974,-0.053729367602085104,-0.033014864806180974
246,-0.08251283193539118,-0.08251283193539118,-0.08251283193539118,-0.08251283193539118,-0.08635951229851936,-0.08635951229851936,-0.08635951229851936,-0.08635951229851936,-0.08635951229851936,-0.08635951229851936,-0.07491789278667735,-0.08635951229851936,-0.08635951229851936,-0.08635951229851936,-0.08635951229851936,-0.08635951229851936,-0.08635951229851936,-0.08635951229851936,-0.08379434914397803,-0.08635951229851936
245,-0.1135669513244007,-0.1135669513244007,-0.1135669513244007,-0.1135669513244007,-0.13303685829019773,-0.13303685829019773,-0.13303685829019773,-0.13303685829019773,-0.13303685829019773,-0.13303685829019773,-0.11766052592553784,-0.13303685829019773,-0.13303685829019773,-0.13303685829019773,-0.13303685829019773,-0.13303685829019773,-0.13303685829019773,-0.13303685829019773,-0.12005614520529936,-0.13303685829019773
244,-0.14698268122748026,-0.14698268122748026,-0.14698268122748026,-0.14698268122748026,-0.16210124409609392,-0.16210124409609392,-0.16210124409609392,-0.16210124409609392,-0.16210124409609392,-0.16210124409609392,-0.1401727981191338,-0.16210124409609392,-0.16210124409609392,-0.16210124409609392,-0.16210124409609392,-0.16210124409609392,-0.16210124409609392,-0.16210124409609392,-0.1520213625414537,-0.16210124409609392
243,-0.1704328985136948,-0.1704328985136948,-0.1704328985136948,-0.1704328985136948,-0.19789959008987248,-0.19789959008987248,-0.19789959008987248,-0.19789959008987248,-0.19789959008987248,-0.19789959008987248,-0.17129879580619267,-0.19789959008987248,-0.19789959008987248,-0.19789959008987248,-0.19789959008987248,-0.19789959008987248,-0.19789959008987248,-0.19789959008987248,-0.17958740338543538,-0.19789959008987248
242,-0.19488630841977317,-0.19488630841977317,-0.19488630841977317,-0.19488630841977317,-0.2699616647752532,-0.2699616647752532,-0.2699616647752532,-0.2699616647752532,-0.2699616647752532,-0.2699616647752532,-0.2365128673683482,-0.2699616647752532,-0.2699616647752532,-0.2699616647752532,-0.2699616647752532,-0.2699616647752532,-0.2699616647752532,-0.2699616647752532,-0.21991015313382734,-0.2699616647752532
241,-0.19127532730105046,-0.19127532730105046,-0.19127532730105046,-0.19127532730105046,-0.25029705168181393,-0.25029705168181393,-0.25029705168181393,-0.25029705168181393,-0.25029705168181393,-0.25029705168181393,-0.21170559181632662,-0.25029705168181393,-0.25029705168181393,-0.25029705168181393,-0.25029705168181393,-0.25029705168181393,-0.25029705168181393,-0.25029705168181393,-0.21094756397174874,-0.25029705168181393
240,-0.21537962583496606,-0.21537962583496606,-0.21537962583496606,-0.21537962583496606,-0.2740102352898173,-0.2740102352898173,-0.2740102352898173,-0.2740102352898173,-0.2740102352898173,-0.2740102352898173,-0.2285375468000378,-0.2740102352898173,-0.2740102352898173,-0.2740102352898173,-0.2740102352898173,-0.2740102352898173,-0.2740102352898173,-0.2740102352898173,-0.23492106263793483,-0.2740102352898173
239,-0.2731307563583546,-0.2731307563583546,-0.2731307563583546,-0.2731307563583546,-0.36231082526657366,-0.36231082526657366,-0.36231082526657366,-0.36231082526657366,-0.36231082526657366,-0.36231082526657366,-0.3052995613551704,-0.36231082526657366,-0.36231082526657366,-0.36231082526657366,-0.36231082526657366,-0.36231082526657366,-0.36231082526657366,-0.36231082526657366,-0.3028550381689243,-0.36231082526657366
238,-0.3173556053636582,-0.3173556053636582,-0.3173556053636582,-0.3173556053636582,-0.41306228163483355,-0.41306228163483355,-0.41306228163483355,-0.41306228163483355,-0.41306228163483355,-0.41306228163483355,-0.3433026547073449,-0.41306228163483355,-0.41306228163483355,-0.41306228163483355,-0.41306228163483355,-0.41306228163483355,-0.41306228163483355,-0.41306228163483355,-0.3492550998892067,-0.41306228163483355
237,-0.37846132298288854,-0.37846132298288854,-0.37846132298288854,-0.37846132298288854,-0.5061869709796091,-0.5061869709796091,-0.5061869709796091,-0.5061869709796091,-0.5061869709796091,-0.5061869709796091,-0.42394933980998273,-0.5061869709796091,-0.5061869709796091,-0.5061869709796091,-0.5061869709796091,-0.5061869709796091,-0.5061869709796091,-0.5061869709796091,-0.4210333804886366,-0.5061869709796091
236,-0.4480248369380007,-0.4480248369380007,-0.4480248369380007,-0.4480248369380007,-0.6178475806721777,-0.6178475806721777,-0.6178475806721777,-0.6178475806721777,-0.6178475806721777,-0.6178475806721777,-0.5212139805597356,-0.6178475806721777,-0.6178475806721777,-0.6178475806721777,-0.6178475806721777,-0.6178475806721777,-0.6178475806721777,-0.6178475806721777,-0.5046288234996368,-0.6178475806721777
235,-0.5001240195780035,-0.5001240195780035,-0.5001240195780035,-0.5001240195780035,-0.6766682876186616,-0.6766682876186616,-0.6766682876186616,-0.6766682876186616,-0.6766682876186616,-0.6766682876186616,-0.5639046008879699,-0.6766682876186616,-0.6766682876186616,-0.6766682876186616,-0.6766682876186616,-0.6766682876186616,-0.6766682876186616,-0.6766682876186616,-0.5589679903699025,-0.6766682876186616
234,-0.5698980767671263,-0.5698980767671263,-0.5698980767671263,-0.5698980767671263,-0.7715589730745522,-0.7715589730745522,-0.7715589730745522,-0.7715589730745522,-0.7715589730745522,-0.7715589730745522,-0.6404231977031836,-0.7715589730745522,-0.7715589730745522,-0.7715589730745522,-0.7715589730745522,-0.7715589730745522,-0.7715589730745522,-0.7715589730745522,-0.6371136162117592,-0.7715589730745522
233,-0.6703632676319049,-0.6703632676319049,-0.6703632676319049,-0.6703632676319049,-0.9318806872167297,-0.9318806872167297,-0.9318806872167297,-0.9318806872167297,-0.9318806872167297,-0.9318806872167297,-0.7773823947753672,-0.9318806872167297,-0.9318806872167297,-0.9318806872167297,-0.9318806872167297,-0.9318806872167297,-0.9318806872167297,-0.9318806872167297,-0.7575303420485425,-0.9318806872167297
232,-0.7968343873067305,-0.7968343873067305,-0.7968343873067305,-0.7968343873067305,-1.1187865503716554,-1.1187865503716554,-1.1187865503716554,-1.1187865503716554,-1.1187865503716554,-1.1187865503716554,-0.9395068839907819,-1.1187865503716554,-1.1187865503716554,-1.1187865503716554,-1.1187865503716554,-1.1187865503716554,-1.1187865503716554,-1.1187865503716554,-0.9041456925864477,-1.1187865503716554
231,-0.9284146380551074,-0.9284146380551074,-0.9284146380551074,-0.9284146380551074,-1.308667439816095,-1.308667439816095,-1.308667439816095,-1.308667439816095,-1.308667439816095,-1.308667439816095,-1.102383500112973,-1.308667439816095,-1.308667439816095,-1.308667439816095,-1.308667439816095,-1.308667439816095,-1.308667439816095,-1.308667439816095,-1.0551588267911658,-1.308667439816095
230,-1.0753705684960846,-1.0753705684960846,-1.0753705684960846,-1.0753705684960846,-1.5681719731426433,-1.5681719731426433,-1.5681719731426433,-1.5681719731426433,-1.5681719731426433,-1.5681719731426433,-1.3348724485801844,-1.5681719731426433,-1.5681719731426433,-1.5681719731426433,-1.5681719731426433,-1.5681719731426433,-1.5681719731426433,-1.5681719731426433,-1.2396304605277662,-1.5681719731426433
229,-1.1938114334699406,-1.1938114334699406,-1.1938114334699406,-1.1938114334699406,-1.7839095252029369,-1.7839095252029369,-1.7839095252029369,-1.7839095252029369,-1.7839095252029369,-1.7839095252029369,-1.525785866513356,-1.7839095252029369,-1.7839095252029369,-1.7839095252029369,-1.7839095252029369,-1.7839095252029369,-1.7839095252029369,-1.7839095252029369,-1.390503148841319,-1.7839095252029369
228,-1.3109712123671158,-1.3109712123671158,-1.3109712123671158,-1.3109712123671158,-2.020816192731589,-2.020816192731589,-2.020816192731589,-2.020816192731589,-2.020816192731589,-2.020816192731589,-1.7401938863077278,-2.020816192731589,-2.020816192731589,-2.020816192731589,-2.020816192731589,-2.020816192731589,-2.020816192731589,-2.020816192731589,-1.5475782337903148,-2.020816192731589
227,-1.4215212884585564,-1.4215212884585564,-1.4215212884585564,-1.4215212884585564,-2.245305621563479,-2.245305621563479,-2.245305621563479,-2.245305621563479,-2.245305621563479,-2.245305621563479,-1.9436492304178712,-2.245305621563479,-2.245305621563479,-2.245305621563479,-2.245305621563479,-2.245305621563479,-2.245305621563479,-2.245305621563479,-1.696107900142572,-2.245305621563479
226,-1.5245190940659044,-1.5245190940659044,-1.5245190940659044,-1.5245190940659044,-2.4490174995807807,-2.4490174995807807,-2.4490174995807807,-2.4490174995807807,-2.4490174995807807,-2.4490174995807807,-2.1305794421256365,-2.4490174995807807,-2.4490174995807807,-2.4490174995807807,-2.4490174995807807,-2.4490174995807807,-2.4490174995807807,-2.4490174995807807,-1.8326768732170737,-2.4490174995807807
225,-1.597286632009003,-1.597286632009003,-1.597286632009003,-1.597286632009003,-2.618409927843359,-2.618409927843359,-2.618409927843359,-2.618409927843359,-2.618409927843359,-2.618409927843359,-2.282779243943204,-2.618409927843359,-2.618409927843359,-2.618409927843359,-2.618409927843359,-2.618409927843359,-2.618409927843359,-2.618409927843359,-1.937652629397785,-2.618409927843359
224,-1.6648218889406803,-1.6648218889406803,-1.6648218889406803,-1.6648218889406803,-2.771214256283094,-2.771214256283094,-2.771214256283094,-2.771214256283094,-2.771214256283094,-2.771214256283094,-2.4193504271655644,-2.771214256283094,-2.771214256283094,-2.771214256283094,-2.771214256283094,-2.771214256283094,-2.771214256283094,-2.771214256283094,-2.03361084987334,-2.771214256283094
223,-1.7334594985216196,-1.7334594985216196,-1.7334594985216196,-1.7334594985216196,-2.9055774486614148,-2.9055774486614148,-2.9055774486614148,-2.9055774486614148,-2.9055774486614148,-2.9055774486614148,-2.540674281733954,-2.9055774486614148,-2.9055774486614148,-2.9055774486614148,-2.9055774486614148,-2.9055774486614148,-2.9055774486614148,-2.9055774486614148,-2.124156823180956,-2.9055774486614148
222,-1.822156753234979,-1.822156753234979,-1.822156753234979,-1.822156753234979,-3.049525709406778,-3.049525709406778,-3.049525709406778,-3.049525709406778,-3.049525709406778,-3.049525709406778,-2.6730597271616507,-3.049525709406778,-3.049525709406778,-3.049525709406778,-3.049525709406778,-3.049525709406778,-3.049525709406778,-3.049525709406778,-2.231270950184408,-3.049525709406778
221,-1.9114296648624087,-1.9114296648624087,-1.9114296648624087,-1.9114296648624087,-3.173302491229677,-3.173302491229677,-3.173302491229677,-3.173302491229677,-3.173302491229677,-3.173302491229677,-2.7875907301273166,-3.173302491229677,-3.173302491229677,-3.173302491229677,-3.173302491229677,-3.173302491229677,-3.173302491229677,-3.173302491229677,-2.3320449926458924,-3.173302491229677
220,-2.030899080805132,-2.030899080805132,-2.030899080805132,-2.030899080805132,-3.2873752461611923,-3.2873752461611923,-3.2873752461611923,-3.2873752461611923,-3.2873752461611923,-3.2873752461611923,-2.8942607653450914,-3.2873752461611923,-3.2873752461611923,-3.2873752461611923,-3.2873752461611923,-3.2873752461611923,-3.2873752461611923,-3.2873752461611923,-2.449715413095526,-3.2873752461611923
219,-2.168647638234817,-2.168647638234817,-2.168647638234817,-2.168647638234817,-3.462212789080998,-3.462212789080998,-3.462212789080998,-3.462212789080998,-3.462212789080998,-3.462212789080998,-3.060961280946851,-3.462212789080998,-3.462212789080998,-3.462212789080998,-3.462212789080998,-3.462212789080998,-3.462212789080998,-3.462212789080998,-2.5998269973220745,-3.462212789080998
218,-2.2866628219161633,-2.2866628219161633,-2.2866628219161633,-2.2866628219161633,-3.5363525275015797,-3.5363525275015797,-3.5363525275015797,-3.5363525275015797,-3.5363525275015797,-3.5363525275015797,-3.1285308634146514,-3.5363525275015797,-3.5363525275015797,-3.5363525275015797,-3.5363525275015797,-3.5363525275015797,-3.5363525275015797,-3.5363525275015797,-2.7032171426314022,-3.5363525275015797
217,-2.421809130846245,-2.421809130846245,-2.421809130846245,-2.421809130846245,-3.669666285136948,-3.669666285136948,-3.669666285136948,-3.669666285136948,-3.669666285136948,-3.669666285136948,-3.256933733107881,-3.669666285136948,-3.669666285136948,-3.669666285136948,-3.669666285136948,-3.669666285136948,-3.669666285136948,-3.669666285136948,-2.8377528326255246,-3.669666285136948
216,-2.5694691008669825,-2.5694691008669825,-2.5694691008669825,-2.5694691008669825,-3.8124845791149697,-3.8124845791149697,-3.8124845791149697,-3.8124845791149697,-3.8124845791149697,-3.8124845791149697,-3.3945849325954205,-3.8124845791149697,-3.8124845791149697,-3.8124845791149697,-3.8124845791149697,-3.8124845791149697,-3.8124845791149697,-3.8124845791149697,-2.9837994371067724,-3.8124845791149697
215,-2.711049890096013,-2.711049890096013,-2.711049890096013,-2.711049890096013,-3.95220725011317,-3.95220725011317,-3.95220725011317,-3.95220725011317,-3.95220725011317,-3.95220725011317,-3.5298714091405685,-3.95220725011317,-3.95220725011317,-3.95220725011317,-3.95220725011317,-3.95220725011317,-3.95220725011317,-3.95220725011317,-3.1247615686117465,-3.95220725011317
214,-2.848452470057752,-2.848452470057752,-2.848452470057752,-2.848452470057752,-4.058980014509908,-4.058980014509908,-4.058980014509908,-4.058980014509908,-4.058980014509908,-4.058980014509908,-3.6313122845526875,-4.058980014509908,-4.058980014509908,-4.058980014509908,-4.058980014509908,-4.058980014509908,-4.058980014509908,-4.058980014509908,-3.2519551196643466,-4.058980014509908
213,-3.018641463411867,-3.018641463411867,-3.018641463411867,-3.018641463411867,-4.25917977807315,-4.25917977807315,-4.25917977807315,-4.25917977807315,-4.25917977807315,-4.25917977807315,-3.823317846928094,-4.25917977807315,-4.25917977807315,-4.25917977807315,-4.25917977807315,-4.25917977807315,-4.25917977807315,-4.25917977807315,-3.4321488032824847,-4.25917977807315
212,-3.1601103580141903,-3.1601103580141903,-3.1601103580141903,-3.1601103580141903,-4.357149174611967,-4.357149174611967,-4.357149174611967,-4.357149174611967,-4.357149174611967,-4.357149174611967,-3.916526382538734,-4.357149174611967,-4.357149174611967,-4.357149174611967,-4.357149174611967,-4.357149174611967,-4.357149174611967,-4.357149174611967,-3.559118972768945,-4.357149174611967
211,-3.3396095059908673,-3.3396095059908673,-3.3396095059908673,-3.3396095059908673,-4.5213171279371025,-4.5213171279371025,-4.5213171279371025,-4.5213171279371025,-4.5213171279371025,-4.5213171279371025,-4.071559406838385,-4.5213171279371025,-4.5213171279371025,-4.5213171279371025,-4.5213171279371025,-4.5213171279371025,-4.5213171279371025,-4.5213171279371025,-3.7335091078948235,-4.5213171279371025
210,-3.5290383285367426,-3.5290383285367426,-3.5290383285367426,-3.5290383285367426,-4.69024760476585,-4.69024760476585,-4.69024760476585,-4.69024760476585,-4.69024760476585,-4.69024760476585,-4.23149567097176,-4.69024760476585,-4.69024760476585,-4.69024760476585,-4.69024760476585,-4.69024760476585,-4.69024760476585,-4.69024760476585,-3.916106772306735,-4.69024760476585
209,-3.7040478504104146,-3.7040478504104146,-3.7040478504104146,-3.7040478504104146,-4.816399365060434,-4.816399365060434,-4.816399365060434,-4.816399365060434,-4.816399365060434,-4.816399365060434,-4.349220238113427,-4.816399365060434,-4.816399365060434,-4.816399365060434,-4.816399365060434,-4.816399365060434,-4.816399365060434,-4.816399365060434,-4.074832048031212,-4.816399365060434
208,-3.8601567521523377,-3.8601567521523377,-3.8601567521523377,-3.8601567521523377,-4.936836739568707,-4.936836739568707,-4.936836739568707,-4.936836739568707,-4.936836739568707,-4.936836739568707,-4.464867828617733,-4.936836739568707,-4.936836739568707,-4.936836739568707,-4.936836739568707,-4.936836739568707,-4.936836739568707,-4.936836739568707,-4.219052032414953,-4.936836739568707
207,-4.014478375710443,-4.014478375710443,-4.014478375710443,-4.014478375710443,-5.0844645356701115,-5.0844645356701115,-5.0844645356701115,-5.0844645356701115,-5.0844645356701115,-5.0844645356701115,-4.618153023360422,-5.0844645356701115,-5.0844645356701115,-5.0844645356701115,-5.0844645356701115,-5.0844645356701115,-5.0844645356701115,-5.0844645356701115,-4.371143717208723,-5.0844645356701115
206,-4.120144924867895,-4.120144924867895,-4.120144924867895,-4.120144924867895,-5.126293688219923,-5.126293688219923,-5.126293688219923,-5.126293688219923,-5.126293688219923,-5.126293688219923,-4.680265447922274,-5.126293688219923,-5.126293688219923,-5.126293688219923,-5.126293688219923,-5.126293688219923,-5.126293688219923,-5.126293688219923,-4.455532062092936,-5.126293688219923
205,-4.198806340528089,-4.198806340528089,-4.198806340528089,-4.198806340528089,-5.1626624665853615,-5.1626624665853615,-5.1626624665853615,-5.1626624665853615,-5.1626624665853615,-5.1626624665853615,-4.743707631421849,-5.1626624665853615,-5.1626624665853615,-5.1626624665853615,-5.1626624665853615,-5.1626624665853615,-5.1626624665853615,-5.1626624665853615,-4.520096950262495,-5.1626624665853615
204,-4.2495800615923764,-4.2495800615923764,-4.2495800615923764,-4.2495800615923764,-5.1069147179875465,-5.1069147179875465,-5.1069147179875465,-5.1069147179875465,-5.1069147179875465,-5.1069147179875465,-4.727330355088596,-5.1069147179875465,-5.1069147179875465,-5.1069147179875465,-5.1069147179875465,-5.1069147179875465,-5.1069147179875465,-5.1069147179875465,-4.535364504232663,-5.1069147179875465
203,-4.278375282317706,-4.278375282317706,-4.278375282317706,-4.278375282317706,-4.961654866910236,-4.961654866910236,-4.961654866910236,-4.961654866910236,-4.961654866910236,-4.961654866910236,-4.62857452803979,-4.961654866910236,-4.961654866910236,-4.961654866910236,-4.961654866910236,-4.961654866910236,-4.961654866910236,-4.961654866910236,-4.506142438560197,-4.961654866910236
202,-4.32125684561274,-4.32125684561274,-4.32125684561274,-4.32125684561274,-4.811163220404444,-4.811163220404444,-4.811163220404444,-4.811163220404444,-4.811163220404444,-4.811163220404444,-4.528373442587393,-4.811163220404444,-4.811163220404444,-4.811163220404444,-4.811163220404444,-4.811163220404444,-4.811163220404444,-4.811163220404444,-4.484567635455882,-4.811163220404444
201,-4.300944960829154,-4.300944960829154,-4.300944960829154,-4.300944960829154,-4.508152493831235,-4.508152493831235,-4.508152493831235,-4.508152493831235,-4.508152493831235,-4.508152493831235,-4.291436963754463,-4.508152493831235,-4.508152493831235,-4.508152493831235,-4.508152493831235,-4.508152493831235,-4.508152493831235,-4.508152493831235,-4.37002409593129,-4.508152493831235
200,-4.165809628464459,-4.165809628464459,-4.165809628464459,-4.165809628464459,-3.9770766282668206,-3.9770766282668206,-3.9770766282668206,-3.9770766282668206,-3.9770766282668206,-3.9770766282668206,-3.8449432443812412,-3.9770766282668206,-3.9770766282668206,-3.9770766282668206,-3.9770766282668206,-3.9770766282668206,-3.9770766282668206,-3.9770766282668206,-4.102909586730852,-3.9770766282668206
199,-3.8801297104988963,-3.8801297104988963,-3.8801297104988963,-3.8801297104988963,-3.289382977939835,-3.289382977939835,-3.289382977939835,-3.289382977939835,-3.289382977939835,-3.289382977939835,-3.2558219970423394,-3.289382977939835,-3.289382977939835,-3.289382977939835,-3.289382977939835,-3.289382977939835,-3.289382977939835,-3.289382977939835,-3.683225687904998,-3.289382977939835
198,-3.4165640970867766,-3.4165640970867766,-3.4165640970867766,-3.4165640970867766,-2.3241213232545928,-2.3241213232545928,-2.3241213232545928,-2.3241213232545928,-2.3241213232545928,-2.3241213232545928,-2.405317149855054,-2.3241213232545928,-2.3241213232545928,-2.3241213232545928,-2.3241213232545928,-2.3241213232545928,-2.3241213232545928,-2.3241213232545928,-3.0524282511223073,-2.3241213232545928
197,-2.842869494963033,-2.842869494963033,-2.842869494963033,-2.842869494963033,-1.2864322144837583,-1.2864322144837583,-1.2864322144837583,-1.2864322144837583,-1.2864322144837583,-1.2864322144837583,-1.482767682441524,-1.2864322144837583,-1.2864322144837583,-1.2864322144837583,-1.2864322144837583,-1.2864322144837583,-1.2864322144837583,-1.2864322144837583,-2.3240686287379324,-1.2864322144837583
196,-2.180920309683072,-2.180920309683072,-2.180920309683072,-2.180920309683072,-0.2042164535728508,-0.2042164535728508,-0.2042164535728508,-0.2042164535728508,-0.2042164535728508,-0.2042164535728508,-0.5105747693773064,-0.2042164535728508,-0.2042164535728508,-0.2042164535728508,-0.2042164535728508,-0.2042164535728508,-0.2042164535728508,-0.2042164535728508,-1.5220301478817397,-0.2042164535728508
195,-1.5231323136673072,-1.5231323136673072,-1.5231323136673072,-1.5231323136673072,0.8563824648561464,0.8563824648561464,0.8563824648561464,0.8563824648561464,0.8563824648561464,0.8563824648561464,0.4546597720347607,0.8563824648561464,0.8563824648561464,0.8563824648561464,0.8563824648561464,0.8563824648561464,0.8563824648561464,0.8563824648561464,-0.7299711405327596,0.8563824648561464
194,-0.866830203835288,-0.866830203835288,-0.866830203835288,-0.866830203835288,1.880275385895891,1.880275385895891,1.880275385895891,1.880275385895891,1.880275385895891,1.880275385895891,1.3974172413410737,1.880275385895891,1.880275385895891,1.880275385895891,1.880275385895891,1.880275385895891,1.880275385895891,1.880275385895891,0.048861953419863546,1.880275385895891
193,-0.31361607487321885,-0.31361607487321885,-0.31361607487321885,-0.31361607487321885,2.6016769196133183,2.6016769196133183,2.6016769196133183,2.6016769196133183,2.6016769196133183,2.6016769196133183,2.066675742924379,2.6016769196133183,2.6016769196133183,2.6016769196133183,2.6016769196133183,2.6016769196133183,2.6016769196133183,2.6016769196133183,0.6581399953860607,2.6016769196133183
192,0.1415138192348513,0.1415138192348513,0.1415138192348513,0.1415138192348513,3.183541075893751,3.183541075893751,3.183541075893751,3.183541075893751,3.183541075893751,3.183541075893751,2.609870157695764,3.183541075893751,3.183541075893751,3.183541075893751,3.183541075893751,3.183541075893751,3.183541075893751,3.183541075893751,1.1555162365067941,3.183541075893751
191,0.4552092432150141,0.4552092432150141,0.4552092432150141,0.4552092432150141,3.535398231987539,3.535398231987539,3.535398231987539,3.535398231987539,3.535398231987539,3.535398231987539,2.9511529504006964,3.535398231987539,3.535398231987539,3.535398231987539,3.535398231987539,3.535398231987539,3.535398231987539,3.535398231987539,1.481933876151358,3.535398231987539
190,0.6841809529240961,0.6841809529240961,0.6841809529240961,0.6841809529240961,3.7502950721684147,3.7502950721684147,3.7502950721684147,3.7502950721684147,3.7502950721684147,3.7502950721684147,3.163035702572374,3.7502950721684147,3.7502950721684147,3.7502950721684147,3.7502950721684147,3.7502950721684147,3.7502950721684147,3.7502950721684147,1.70621639350968,3.7502950721684147
189,0.7856486948866312,0.7856486948866312,0.7856486948866312,0.7856486948866312,3.7609601939023127,3.7609601939023127,3.7609601939023127,3.7609601939023127,3.7609601939023127,3.7609601939023127,3.1896763613837513,3.7609601939023127,3.7609601939023127,3.7609601939023127,3.7609601939023127,3.7609601939023127,3.7609601939023127,3.7609601939023127,1.7774192131336504,3.7609601939023127
188,0.7487585507820689,0.7487585507820689,0.7487585507820689,0.7487585507820689,3.496095975977775,3.496095975977775,3.496095975977775,3.496095975977775,3.496095975977775,3.496095975977775,2.965677982719503,3.496095975977775,3.496095975977775,3.496095975977775,3.496095975977775,3.496095975977775,3.496095975977775,3.496095975977775,1.6645397722124513,3.496095975977775
187,0.5910273891670195,0.5910273891670195,0.5910273891670195,0.5910273891670195,3.047822828400233,3.047822828400233,3.047822828400233,3.047822828400233,3.047822828400233,3.047822828400233,2.5760872532953174,3.047822828400233,3.047822828400233,3.047822828400233,3.047822828400233,3.047822828400233,3.047822828400233,3.047822828400233,1.4099637015076487,3.047822828400233
186,0.3277694142325036,0.3277694142325036,0.3277694142325036,0.3277694142325036,2.429745744483861,2.429745744483861,2.429745744483861,2.429745744483861,2.429745744483861,2.429745744483861,2.0283860534985805,2.429745744483861,2.429745744483861,2.429745744483861,2.429745744483861,2.429745744483861,2.429745744483861,2.429745744483861,1.0284344985296636,2.429745744483861
185,-0.01863558983289937,-0.01863558983289937,-0.01863558983289937,-0.01863558983289937,1.755135644744143,1.755135644744143,1.755135644744143,1.755135644744143,1.755135644744143,1.755135644744143,1.4410847519534578,1.755135644744143,1.755135644744143,1.755135644744143,1.755135644744143,1.755135644744143,1.755135644744143,1.755135644744143,0.5726291374909249,1.755135644744143
184,-0.39885573524287443,-0.39885573524287443,-0.39885573524287443,-0.39885573524287443,1.0978448926729087,1.0978448926729087,1.0978448926729087,1.0978448926729087,1.0978448926729087,1.0978448926729087,0.8611475985425163,1.0978448926729087,1.0978448926729087,1.0978448926729087,1.0978448926729087,1.0978448926729087,1.0978448926729087,1.0978448926729087,0.10005364152199514,1.0978448926729087
183,-0.7523475391903091,-0.7523475391903091,-0.7523475391903091,-0.7523475391903091,0.4392944707948777,0.4392944707948777,0.4392944707948777,0.4392944707948777,0.4392944707948777,0.4392944707948777,0.2759199654596324,0.4392944707948777,0.4392944707948777,0.4392944707948777,0.4392944707948777,0.4392944707948777,0.4392944707948777,0.4392944707948777,-0.3551231300958081,0.4392944707948777
182,-1.1195891506567275,-1.1195891506567275,-1.1195891506567275,-1.1195891506567275,-0.23987133986324716,-0.23987133986324716,-0.23987133986324716,-0.23987133986324716,-0.23987133986324716,-0.23987133986324716,-0.32875246792129764,-0.23987133986324716,-0.23987133986324716,-0.23987133986324716,-0.23987133986324716,-0.23987133986324716,-0.23987133986324716,-0.23987133986324716,-0.826338762308674,-0.23987133986324716
181,-1.4591911858720583,-1.4591911858720583,-1.4591911858720583,-1.4591911858720583,-0.7631640505253396,-0.7631640505253396,-0.7631640505253396,-0.7631640505253396,-0.7631640505253396,-0.7631640505253396,-0.7930880540252813,-0.7631640505253396,-0.7631640505253396,-0.7631640505253396,-0.7631640505253396,-0.7631640505253396,-0.7631640505253396,-0.7631640505253396,-1.2271701097179761,-0.7631640505253396
180,-1.798538173919726,-1.798538173919726,-1.798538173919726,-1.798538173919726,-1.2861688679135683,-1.2861688679135683,-1.2861688679135683,-1.2861688679135683,-1.2861688679135683,-1.2861688679135683,-1.256670415552474,-1.2861688679135683,-1.2861688679135683,-1.2861688679135683,-1.2861688679135683,-1.2861688679135683,-1.2861688679135683,-1.2861688679135683,-1.6277360523539686,-1.2861688679135683
